<?xml version='1.0' encoding='UTF-8'?>
<pyvcp>
	<labelframe text="Huanyang VFD">
	<font>("Helvetica",12)</font>
	<table>
			<label>
				<text>"  "</text>
    			</label>
 	</table>
 	<table>
 		<tablesticky sticky="nsew"/>
  		<tablerow/>
 			<tablesticky sticky="nsew"/>
 		    	<label>
	    			<text>"Spindle Speed (RPM)"</text>
	    			<font>("Helvetica",10)</font>
	    		</label>
	    	<tablerow/>
     			<tablesticky sticky="nsew"/>
    			<label>
    				<text>" "</text>
    				<font>("Helvetica",2)</font>
	    		</label>
	    	<tablerow/>
	    		<tablesticky sticky="nsew"/>	
	    	    	<bar>
	    			<halpin>"spindle-speed"</halpin>
	    			<max_>24000</max_>
	    		</bar>
 		<tablerow/>
 			<label>
    				<text>"Spindle Amps (A)"</text>
    				<font>("Helvetica",10)</font>
    			</label>
    		<tablerow/>
    			<meter>
			    	<halpin>"amp-meter"</halpin>
			    	<size>200</size>
			    	<min_>0</min_>
			    	<max_>8.5</max_>
			    	<majorscale>1</majorscale>
			    	<minorscale>0.2</minorscale>
			    	<region1>(7,8.5,"red")</region1>
			    	<region2>(5,7,"yellow")</region2>
			    	<region3>(0,5,"green")</region3>
			</meter>
 	</table>
 	<table>
 		<tablesticky sticky="w" />
 		<tablerow/>
 			<label>
 				<text>"  Command Run  "</text>
 			</label>
 			<led>
 				<halpin>"CNST-run"</halpin>
 				<size>"10"</size>
 				<on_color>"green"</on_color>
 				<off_color>"red"</off_color>
 			</led>
  			<label>
 				<text>"  Jogging  "</text>
 			</label>
 			<led>
 				<halpin>"CNST-jogging"</halpin>
 				<size>"10"</size>
 				<on_color>"green"</on_color>
 				<off_color>"red"</off_color>
 			</led>
  			<label>
 				<text>"  "</text>
  			</label>
 		<tablerow/>
 			<label>
 				<text>"  Command Jog  "</text>
 			</label>
 			<led>
 				<halpin>"CNST-jog"</halpin>
 				<size>"10"</size>
 				<on_color>"green"</on_color>
 				<off_color>"red"</off_color>
 			</led>
 			<label>
 				<text>"  Running r/f  "</text>
 			</label>
 			<led>
 				<halpin>"CNST-running-rf"</halpin>
 				<size>"10"</size>
 				<on_color>"green"</on_color>
 				<off_color>"red"</off_color>
 			</led>
  			<label>
 				<text>"  "</text>
  			</label>
 		<tablerow/>
 			<label>
 				<text>"  Command r/f  "</text>
 			</label>
 			<led>
 				<halpin>"CNST-command-rf"</halpin>
 				<size>"10"</size>
 				<on_color>"green"</on_color>
 				<off_color>"red"</off_color>
 			</led>
 			<label>
 				<text>"  Bracking  "</text>
 			</label>
 			<led>
 				<halpin>"CNST-bracking"</halpin>
 				<size>"10"</size>
 				<on_color>"green"</on_color>
 				<off_color>"red"</off_color>
 			</led>
  			<label>
 				<text>"  "</text>
  			</label>
 		<tablerow/>
 			<label>
 				<text>"  Running  "</text>
 			</label>
 			<led>
 				<halpin>"CNST-running"</halpin>
 				<size>"10"</size>
 				<on_color>"green"</on_color>
 				<off_color>"red"</off_color>
 			</led>
 			<label>
 				<text>"  Track Start  "</text>
 			</label>
 			<led>
 				<halpin>"CNST-track-start"</halpin>
 				<size>"10"</size>
 				<on_color>"green"</on_color>
 				<off_color>"red"</off_color>
 			</led>
  			<label>
 				<text>"  "</text>
  			</label>
			</table>
 	</labelframe>
</pyvcp>
